id,producto,descripcion
1,"auricular DEF","El auricular DEF es un dispositivo de audio diseñado para ofrecer una experiencia de sonido inmersiva y de alta calidad. Con controladores de alta fidelidad y tecnología de cancelación de ruido, permite disfrutar de la música o los detalles de un pódcast sin distracciones. Además, su diseño ergonómico garantiza comodidad durante el uso prolongado."
2,"tablet DEF","La tablet DEF es un dispositivo portátil y versátil, diseñado para satisfacer necesidades de entretenimiento y productividad. Con una pantalla de alta resolución y procesamiento rápido, ofrece una experiencia de navegación fluida y eficiente. Además, su batería de larga duración garantiza horas de uso continuo."
3,"celular DEF","El celular DEF es un dispositivo móvil compacto y liviano, diseñado para cubrir las necesidades diarias de comunicación y entretenimiento. Con una pantalla de alta resolución y un procesador rápido, ofrece una experiencia de usuario fluida y responsiva. Además, cuenta con una batería de larga duración y funciones avanzadas de cámara para capturar momentos especiales."
4,"una laptop DEF","La laptop DEF es una opción compacta y liviana para quienes necesitan un dispositivo portátil para trabajar o estudiar. Con un diseño elegante y una pantalla de alta resolución, ofrece una experiencia de usuario agradable. Además, está equipada con funciones de seguridad avanzadas para proteger tus datos."
5,"tablet STU","La tablet STU es un dispositivo para la captura de firmas electrónicas, diseñado para entornos empresariales. Permite que los clientes firmen documentos de forma digital, segura y eficiente. Su pantalla táctil precisa facilita la recolección y almacenamiento electrónico de las firmas, reduciendo el uso de papel y mejorando la productividad."
6,"celular STU","El celular STU es un dispositivo compacto y ligero, diseñado para cubrir las necesidades básicas de comunicación. Con una interfaz intuitiva y fácil de usar, permite realizar y recibir llamadas, enviar mensajes de texto y acceder a aplicaciones esenciales. Además, es una opción accesible y práctica."
7,"una laptop STU","La laptop STU es una opción práctica y asequible para quienes necesitan un dispositivo portátil para tareas básicas. Con un diseño compacto y liviano, es ideal para estudiantes y profesionales que trabajan en diferentes lugares. Ofrece el rendimiento necesario para navegar por internet, crear documentos y realizar tareas diarias con eficiencia."
8,"auricular STU","El auricular STU es un dispositivo de audio diseñado para ofrecer una experiencia de sonido envolvente y de alta calidad. Con tecnología avanzada, proporciona una respuesta de frecuencia precisa y un sonido claro. Además, es ligero y cómodo, ideal para escuchar música o trabajar por largos periodos."
9,"auricular BCD","El auricular BCD es un dispositivo de audio de alta calidad que ofrece una experiencia de sonido inmersiva. Con controladores de 40 mm y cancelación de ruido, bloquea los sonidos externos para que te concentres en lo que realmente importa. Su diseño ligero y cómodo lo hace ideal para uso prolongado."
10,"tablet BCD","La tablet BCD es un dispositivo portátil y versátil que combina las funciones de una computadora con la movilidad de una tablet. Con pantalla táctil, procesamiento rápido y buen almacenamiento, es ideal para trabajar, estudiar o entretenerse. Además, cuenta con funciones de seguridad como cifrado y autenticación biométrica."
11,"celular BCD","El celular BCD es un dispositivo innovador que combina tecnología avanzada con un diseño elegante. Su pantalla de alta resolución y procesador potente ofrecen una experiencia de usuario excepcional. Además, su cámara de alta calidad y batería duradera lo convierten en una excelente opción para quienes buscan un smartphone confiable."
12,"una laptop BCD","La laptop BCD es una opción práctica y económica para quienes necesitan un dispositivo portátil para tareas cotidianas. Con un diseño compacto y liviano, es ideal para estudiantes y profesionales. Ofrece una buena relación costo-beneficio y un rendimiento adecuado para navegar, crear documentos y realizar tareas diarias."
13,"auricular PQR","El auricular PQR ofrece una experiencia de sonido inmersiva con su tecnología de audio avanzada. Su diseño ligero y ergonómico brinda comodidad durante el uso prolongado. Además, cuenta con cancelación de ruido y conectividad inalámbrica para disfrutar de la música sin distracciones."
14,"tablet PQR","La tablet PQR es un dispositivo portátil y versátil, diseñado para cubrir necesidades de entretenimiento, productividad y conexión. Su pantalla de alta resolución y procesador rápido garantizan una experiencia fluida y eficiente. Además, su batería de larga duración y diseño liviano la hacen ideal para usar en cualquier lugar."
15,"celular PQR","El celular PQR es un dispositivo móvil de alta calidad, diseñado para ofrecer conectividad y entretenimiento. Con una pantalla de alta resolución y procesador potente, ofrece una navegación rápida y fluida. Su batería duradera y cámara de alta calidad lo convierten en una opción ideal para el día a día."
16,"una laptop PQR","La laptop PQR es una opción potente y portátil para quienes necesitan rendimiento en cualquier lugar. Con procesador avanzado y memoria robusta, es ideal para tareas exigentes como edición de video o juegos. Su batería de larga duración y diseño ligero facilitan su uso en viajes o trabajo móvil."
17,"auricular MNO","El auricular MNO es un dispositivo de audio diseñado para ofrecer sonido inmersivo y de alta calidad. Con cancelación de ruido, ayuda a bloquear sonidos externos para que te concentres en lo que escuchas. Es ligero y cómodo, ideal para uso prolongado."
18,"tablet MNO","La tablet MNO es un dispositivo portátil y versátil que ofrece una experiencia de entretenimiento y productividad sobresaliente. Su pantalla de alta resolución y procesamiento rápido la hacen ideal para ver videos, jugar, trabajar o conectarse con el mundo. Su batería de larga duración garantiza horas de uso continuo."
19,"celular MNO","El celular MNO es un dispositivo móvil de alta calidad que combina conectividad y entretenimiento. Con una pantalla de alta resolución y procesador potente, ofrece una experiencia rápida y fluida. Su batería duradera y cámara de alta calidad lo convierten en un compañero ideal para el día a día."
20,"una laptop MNO","La laptop MNO es una opción potente y portátil para quienes necesitan rendimiento en cualquier lugar. Con procesador avanzado y memoria robusta, es ideal para edición de video o programación. Su batería de larga duración permite trabajar o disfrutar por horas sin recargar."
21,"auricular ABC","El auricular ABC es un dispositivo de audio de alta calidad, diseñado para ofrecer una experiencia sonora envolvente y cómoda. Con controladores de 40 mm y cancelación de ruido, permite disfrutar de la música o los podcasts con detalle. Su diseño ligero y ergonómico evita el cansancio durante el uso prolongado."
22,"tablet ABC","La tablet ABC es un dispositivo portátil y versátil, diseñado para ofrecer entretenimiento y productividad. Con una pantalla de alta resolución y procesamiento rápido, es ideal para ver videos, jugar, trabajar y conectarse con el mundo. Su batería de larga duración permite aprovecharla al máximo en cualquier lugar."
23,"celular ABC","El celular ABC es un dispositivo innovador que combina diseño elegante y tecnología avanzada. Su pantalla de alta resolución y procesador potente ofrecen una experiencia de uso rápida y fluida. Además, cuenta con batería duradera y cámara de alta calidad para capturar momentos especiales."
24,"una laptop ABC","La laptop ABC es una opción potente y portátil para quienes buscan alto rendimiento. Con procesador avanzado y memoria robusta, es ideal para edición de video o juegos. Su batería de larga duración garantiza horas de trabajo o entretenimiento sin interrupciones."
